{
	"class_name" : "PinholeCameraParameters",
	"extrinsic" : 
	[
		0.78980341641841645,
		-0.12256267347130656,
		0.60098997868963133,
		0.0,
		0.1084550374425373,
		-0.93648715148998041,
		-0.33351059945303174,
		0.0,
		0.60369534391705837,
		0.32858820150113216,
		-0.72634821233834956,
		0.0,
		0.058453999392569234,
		-0.40457803780337764,
		4.9243309877807917,
		1.0
	],
	"intrinsic" : 
	{
		"height" : 1011,
		"intrinsic_matrix" : 
		[
			3839.6537039825639,
			0.0,
			0.0,
			0.0,
			3839.6537039825639,
			0.0,
			926.5,
			505.0,
			1.0
		],
		"width" : 1854
	},
	"version_major" : 1,
	"version_minor" : 0
}