{
	"class_name" : "PinholeCameraParameters",
	"extrinsic" : 
	[
		0.99971201382373465,
		0.0,
		-0.023997696066354296,
		0.0,
		0.0,
		-1.0,
		-0.0,
		0.0,
		-0.023997696066354296,
		-0.0,
		-0.99971201382373465,
		0.0,
		0.014951182639975167,
		-0.43005934718100908,
		0.56263446377311466,
		1.0
	],
	"intrinsic" : 
	{
		"height" : 1011,
		"intrinsic_matrix" : 
		[
			658.78042597122953,
			0.0,
			0.0,
			0.0,
			658.78042597122953,
			0.0,
			926.5,
			505.0,
			1.0
		],
		"width" : 1854
	},
	"version_major" : 1,
	"version_minor" : 0
}